Date,Actual,Predicted
2024-10-16,232.14999389648438,231.3382574809838
2024-10-17,235.0,232.49247256735975
2024-10-18,236.47999572753906,235.30487401102002
2024-10-21,235.86000061035156,235.54020830289454
2024-10-22,230.75999450683594,234.62788671450633
2024-10-23,230.57000732421875,231.91772962584102
2024-10-24,231.41000366210938,229.96011586686154
2024-10-25,233.39999389648438,230.98481365755873
2024-10-28,233.6699981689453,233.4904583935003
2024-10-29,230.10000610351562,233.3467090240569
2024-10-30,225.91000366210938,231.4152173585639
2024-10-31,222.91000366210938,227.57688185491128
2024-11-01,222.00999450683594,222.3594534409838
2024-11-04,223.4499969482422,221.39754925409878
2024-11-05,222.72000122070312,222.63605378461372
2024-11-06,227.47999572753906,223.15025127124034
2024-11-07,226.9600067138672,226.15042173573505
2024-11-08,224.22999572753906,227.31021258008218
2024-11-11,224.22999572753906,224.12968318252683
2024-11-12,225.1199951171875,224.44954332834553
2024-11-13,228.22000122070312,224.6404675066793
2024-11-14,225.0,226.7817648789712
2024-11-15,228.02000427246094,225.64617022724573
2024-11-18,228.27999877929688,227.0514074461473
2024-11-19,229.0,228.03606776433054
2024-11-20,228.52000427246094,228.23938065377328
2024-11-21,229.8699951171875,228.3240284044536
2024-11-22,232.8699951171875,229.1820014286386
2024-11-25,235.05999755859375,231.7215875979354
2024-11-26,234.92999267578125,234.28965980779296
2024-11-27,237.3300018310547,234.7148445500098
2024-11-29,239.58999633789062,235.98202032169604
2024-12-02,242.64999389648438,238.65326732608057
2024-12-03,243.00999450683594,240.99136834998228
2024-12-04,243.0399932861328,242.74994982861054
2024-12-05,242.83999633789062,243.36992170974497
2024-12-06,246.75,243.06797173216015
2024-12-09,247.77000427246094,244.33472489609784
2024-12-10,246.49000549316406,246.99115402803966
2024-12-11,247.9600067138672,247.80243173082744
2024-12-12,248.1300048828125,247.26421145474674
2024-12-13,251.0399932861328,247.81385766333588
2024-12-16,253.47999572753906,249.41690587600502
2024-12-17,248.0500030517578,251.6873853155013
2024-12-18,249.7899932861328,250.4560464561259
2024-12-19,254.49000549316406,248.9842084186389
2024-12-20,255.27000427246094,250.5267793361627
2024-12-23,258.20001220703125,254.6832977587093
2024-12-24,259.0199890136719,256.72619572767917
2024-12-26,255.58999633789062,258.6466502155338
2024-12-27,252.1999969482422,256.1971437100882
2024-12-30,250.4199981689453,252.0912657136098
2024-12-31,243.85000610351562,251.31300569300367
2025-01-02,243.36000061035156,245.84635512596512
2025-01-03,245.0,243.14232685404585
2025-01-06,242.2100067138672,244.8948110128535
2025-01-07,242.6999969482422,242.9737723291478
2025-01-08,236.85000610351562,242.05427500235717
2025-01-10,234.39999389648438,237.44615678817843
2025-01-13,233.27999877929688,233.0544136957255
2025-01-14,237.8699951171875,234.14160102233183
2025-01-15,228.25999450683594,236.45443130458548
2025-01-16,229.97999572753906,232.8619252645833
2025-01-17,222.63999938964844,230.65896110984218
2025-01-21,223.8300018310547,222.5270437773864
2025-01-22,223.66000366210938,221.86822530370074
2025-01-23,222.77999877929688,224.41832266960736
2025-01-24,229.86000061035156,223.64837102959237
2025-01-27,238.25999450683594,227.4176041532411
2025-01-28,239.36000061035156,234.95659778101597
2025-01-29,237.58999633789062,236.8085513737753
2025-01-30,236.0,238.50122635486358
2025-01-31,228.00999450683594,240.82771281050788
2025-02-03,232.8000030517578,228.83013612739708
2025-02-04,232.47000122070312,229.9582950502667
2025-02-05,233.22000122070312,230.48751061209657
2025-02-06,227.6300048828125,232.19715731186767
2025-02-07,227.64999389648438,230.3847820531864
2025-02-10,232.6199951171875,228.7720010262112
2025-02-11,236.8699951171875,231.02637681651169
2025-02-12,241.52999877929688,233.91181559889662
2025-02-13,244.60000610351562,239.03669347542555
2025-02-14,244.47000122070312,243.04920660381575
2025-02-18,244.8699951171875,243.83836190634193
2025-02-19,245.8300018310547,244.63245727080974
2025-02-20,245.5500030517578,245.4128112691701
2025-02-21,247.10000610351562,246.26309061991128
2025-02-24,247.0399932861328,246.24518257266917
2025-02-25,240.36000061035156,247.41013356598464
2025-02-26,237.3000030517578,242.153498719275
2025-02-27,241.83999633789062,239.02802937952356
2025-02-28,238.02999877929688,237.73615776890642
2025-03-03,235.92999267578125,239.95392191300476
2025-03-04,235.74000549316406,237.0498118401796
2025-03-05,235.3300018310547,234.218439675959
2025-03-06,239.07000732421875,235.1719186873877
2025-03-07,227.47999572753906,237.5469922989519
2025-03-10,220.83999633789062,230.81371449129563
2025-03-11,216.97999572753906,221.96137569669992
2025-03-12,209.67999267578125,218.45716823430942
2025-03-13,213.49000549316406,212.7653083182289
2025-03-14,214.0,212.099777139742
2025-03-17,212.69000244140625,213.1810116956908
2025-03-18,215.24000549316406,213.4335558322658
2025-03-19,214.10000610351562,215.52563496711045
2025-03-20,218.27000427246094,214.49944678336033
2025-03-21,220.72999572753906,214.9502673102657
2025-03-24,223.75,220.47444609199533
2025-03-25,221.52999877929688,222.21887574190407
2025-03-26,223.85000610351562,222.67716167356298
2025-03-27,217.89999389648438,222.73560666094446
2025-03-28,222.1300048828125,220.31387179353493
2025-03-31,223.19000244140625,220.2553422014473
2025-04-01,223.88999938964844,221.4406846993068
2025-04-02,203.19000244140625,222.8939693451134
2025-04-03,188.3800048828125,204.34881477156608
2025-04-04,181.4600067138672,192.37770297580192
2025-04-07,172.4199981689453,181.8572820137208
2025-04-08,198.85000610351562,179.76422344381746
2025-04-09,190.4199981689453,185.7911907874029
2025-04-10,198.14999389648438,189.3391312645861
2025-04-11,202.52000427246094,192.54690600541156
2025-04-14,202.13999938964844,207.01104796182508
2025-04-15,194.27000427246094,201.91512661666556
2025-04-16,196.97999572753906,196.5337051141345
2025-04-17,193.16000366210938,196.96529663393687
2025-04-21,199.74000549316406,192.644128886466
2025-04-22,204.60000610351562,198.45928239353947
2025-04-23,208.3699951171875,205.4263441175443
2025-04-24,209.27999877929688,206.34365623486994
2025-04-25,210.13999938964844,207.98990794352875
2025-04-28,211.2100067138672,209.85867308966002
2025-04-29,212.5,210.21282449163888
2025-04-30,213.32000732421875,210.57576783040167
2025-05-01,205.35000610351562,211.50962846099108
2025-05-02,198.88999938964844,205.12539382450302
2025-05-05,198.50999450683594,201.13800684431914
2025-05-06,196.25,198.69762185973482
2025-05-07,197.49000549316406,197.10807124091016
2025-05-08,198.52999877929688,197.5972688665469
2025-05-09,210.7899932861328,199.02927759781025
2025-05-12,212.92999267578125,209.97884530467078
2025-05-13,212.3300018310547,211.49145772767048
2025-05-14,211.4499969482422,212.36986471704944
2025-05-15,211.25999450683594,211.2879935312301
2025-05-16,208.77999877929688,211.53016112794916
2025-05-19,206.86000061035156,207.68868216364095
2025-05-20,202.08999633789062,207.09220493064646
2025-05-21,201.36000061035156,203.8265320610224
2025-05-22,195.27000427246094,201.22727154933938
2025-05-23,200.2100067138672,195.0856636219439
2025-05-27,200.4199981689453,199.25623325469851
2025-05-28,199.9499969482422,201.0102840298746
2025-05-29,200.85000610351562,201.5576315127894
2025-05-30,201.6999969482422,199.80126200933444
2025-06-02,203.27000427246094,201.17422652965578
2025-06-03,202.82000732421875,202.42981259410516
2025-06-04,200.6300048828125,203.61595134368469
2025-06-05,203.9199981689453,202.33936528872454
2025-06-06,201.4499969482422,203.75735146606192
2025-06-09,202.6699981689453,203.01303471031505
2025-06-10,198.77999877929688,202.1275682308147
2025-06-11,199.1999969482422,201.3767566715067
2025-06-12,196.4499969482422,198.93936520716898
2025-06-13,198.4199981689453,198.1683919688842
2025-06-16,195.63999938964844,197.8570805706511
2025-06-17,196.5800018310547,196.74155767299206
2025-06-18,201.0,196.40678109387116
2025-06-20,201.5,199.458138542969
2025-06-23,200.3000030517578,201.17756884865165
2025-06-24,201.55999755859375,201.7139667151148
2025-06-25,201.0,201.93432495918836
2025-06-26,201.0800018310547,201.2221002268682
2025-06-27,205.1699981689453,201.59014496075903
2025-06-30,207.82000732421875,203.47191271183692
2025-07-01,212.44000244140625,207.71517712260496
2025-07-02,213.5500030517578,210.7319660342389
2025-07-03,209.9499969482422,213.11425513172313
2025-07-07,210.00999450683594,211.97962445348492
2025-07-08,211.13999938964844,210.0681617961696
2025-07-09,212.41000366210938,209.868273912525
2025-07-10,211.16000366210938,211.67014991394737
2025-07-11,208.6199951171875,211.00068613473522
2025-07-14,209.11000061035156,209.3332643720607
2025-07-15,210.16000366210938,209.85759885223794
2025-07-16,210.02000427246094,210.43758953846523
2025-07-17,211.17999267578125,210.5504046022322
2025-07-18,212.47999572753906,210.9364959179406
2025-07-21,214.39999389648438,213.04338888094802
2025-07-22,214.14999389648438,213.72806249312384
2025-07-23,213.75999450683594,214.2227576895898
2025-07-24,213.8800048828125,214.2649050323886
2025-07-25,214.0500030517578,214.3601951935281
2025-07-28,211.27000427246094,214.0585098473429
2025-07-29,209.0500030517578,212.81648940454122
2025-07-30,207.57000732421875,210.33563394201764
2025-07-31,202.3800048828125,208.26441412514663
2025-08-01,203.35000610351562,207.0730614074998
2025-08-04,202.9199981689453,204.39367515085513
2025-08-05,213.25,203.54913257948093
2025-08-06,220.02999877929688,209.92349883241403
2025-08-07,229.35000610351562,219.02859516732985
2025-08-08,227.17999267578125,225.0058542281568
2025-08-11,229.64999389648438,227.32649609220505
2025-08-12,233.3300018310547,228.85651475964815
2025-08-13,232.77999877929688,232.391641343691
2025-08-14,231.58999633789062,233.16961007658708
2025-08-15,230.88999938964844,232.2672547784858
2025-08-18,230.55999755859375,231.45365724011762
2025-08-19,226.00999450683594,231.0132741068068
2025-08-20,224.89999389648438,228.06605627231886
2025-08-21,227.75999450683594,225.402767457967
2025-08-22,227.16000366210938,227.11496332296267
2025-08-25,229.30999755859375,227.32054386591352
2025-08-26,230.49000549316406,227.57491359280004
2025-08-27,232.55999755859375,229.5819673022166
2025-08-28,232.13999938964844,231.53316019652792
2025-08-29,229.72000122070312,232.33757181883232
2025-09-02,238.47000122070312,229.19446097587902
2025-09-03,239.77999877929688,237.14500408283558
2025-09-04,239.69000244140625,238.66780248898135
2025-09-05,237.8800048828125,239.80494656849208
2025-09-08,234.35000610351562,238.36869517760869
2025-09-09,226.7899932861328,235.8043096782524
2025-09-10,230.02999877929688,229.26389314790043
2025-09-11,234.07000732421875,228.4890802530183
2025-09-12,236.6999969482422,231.67365655512333
2025-09-15,238.14999389648438,236.69806977535302
2025-09-16,238.99000549316406,238.14381167383263
2025-09-17,237.8800048828125,238.89634597782572
2025-09-18,245.5,238.88664746932727
2025-09-19,256.0799865722656,243.01641335437716
2025-09-22,254.42999267578125,252.08343883798324
2025-09-23,252.30999755859375,255.17015427746955
2025-09-24,256.8699951171875,253.48696967398584
2025-09-25,255.4600067138672,254.62070107839645
2025-09-26,254.42999267578125,255.12671693507284
2025-09-29,254.6300048828125,254.15116965256237
2025-09-30,255.4499969482422,254.53760905005072
2025-10-01,257.1300048828125,255.93594567436364
2025-10-02,258.0199890136719,256.40460596058546
2025-10-03,256.69000244140625,256.3557215783262
2025-10-06,256.4800109863281,257.08799046615883
2025-10-07,258.05999755859375,256.43891652350874
2025-10-08,254.0399932861328,257.20055044771544
2025-10-09,245.27000427246094,255.65733930891386
2025-10-10,247.66000366210938,250.05874246515734
2025-10-13,247.77000427246094,248.0095568359668
2025-10-14,249.33999633789062,246.92645008162128
2025-10-15,247.4499969482422,249.47068070068013
2025-10-16,252.2899932861328,247.4026723758098
2025-10-17,262.239990234375,250.15273598610617
2025-10-20,262.7699890136719,259.33694228550706
2025-10-21,258.45001220703125,262.80184841005445
2025-10-22,259.5799865722656,259.73463316505365
2025-10-23,262.82000732421875,259.43545026652015
2025-10-24,268.80999755859375,261.71610451452125
2025-10-27,269.0,266.7160990588676
2025-10-28,269.70001220703125,268.8477240502395
2025-10-29,271.3999938964844,269.2035645044192
2025-10-30,270.3699951171875,271.2896123964077
2025-10-31,269.04998779296875,273.2161488971093
2025-11-03,270.0400085449219,268.9750615518186
2025-11-04,270.1400146484375,269.20056858698183
2025-11-05,269.7699890136719,269.1903106169605
2025-11-06,268.4700012207031,269.5686540446161
2025-11-07,269.42999267578125,269.1716644326164
2025-11-10,275.25,269.7485627787922
2025-11-11,273.4700012207031,272.52408484927423
2025-11-12,272.95001220703125,273.790468115848
2025-11-13,272.4100036621094,273.7776340888712
2025-11-14,267.4599914550781,272.08718794692214
2025-11-17,267.44000244140625,267.97262555484554
2025-11-18,268.55999755859375,268.2127584667882
2025-11-19,266.25,267.8141979656875
2025-11-20,271.489990234375,269.4653111559732
2025-11-21,275.9200134277344,268.93497911047916
2025-11-24,276.9700012207031,273.46836322297554
2025-11-25,277.54998779296875,276.77801116909944
2025-11-26,278.8500061035156,277.4947847560515
2025-11-28,283.1000061035156,277.6291765086789
2025-12-01,286.19000244140625,279.9736157592555
2025-12-02,284.1499938964844,284.5699105970466
2025-12-03,280.70001220703125,285.3526710506753
2025-12-04,278.7799987792969,281.8310665911627
2025-12-05,277.8900146484375,279.4200071778386
2025-12-08,277.17999267578125,277.77876152369373
2025-12-09,278.7799987792969,277.90168387052347
2025-12-10,278.0299987792969,278.00751660387954
2025-12-11,278.2799987792969,277.4708527875815
2025-12-12,274.1099853515625,277.8665820062911
2025-12-15,274.6099853515625,276.6252469757838
2025-12-16,271.8399963378906,273.51692986556594
2025-12-17,272.19000244140625,273.477616925536
2025-12-18,273.6700134277344,271.4226337320127
2025-12-19,270.9700012207031,272.20717774488065
2025-12-22,272.3599853515625,271.8996279189311
2025-12-23,273.80999755859375,271.17461648349706
2025-12-24,273.3999938964844,273.3213053679134
2025-12-26,273.760009765625,273.81216449528193
2025-12-29,273.0799865722656,273.150731531666
2025-12-30,271.8599853515625,272.92664701222816
